#,Resource,Category,Group,Description,Link
1,Google Fonts,Free Fonts,Graphics & Assets,"1,500+ open-source font families, the standard for free web fonts",https://fonts.google.com
2,Fontshare,Free Fonts,Graphics & Assets,High-quality free fonts (incl. commercial) by Indian Type Foundry,https://www.fontshare.com
3,Fontesk,Free Fonts,Graphics & Assets,"Curated free & commercial-use fonts, updated daily",https://fontesk.com
4,Velvetyne,Free Fonts,Graphics & Assets,"Experimental, open-source libre fonts",https://velvetyne.fr
5,The League of Moveable Type,Free Fonts,Graphics & Assets,"Classic open-source font foundry (League Spartan, etc.)",https://www.theleagueofmoveabletype.com
6,Befonts,Free Fonts,Graphics & Assets,Free fonts and demo/personal-use typefaces,https://befonts.com
7,DaFont,Free Fonts,Graphics & Assets,Huge archive of free fonts (check licenses),https://www.dafont.com
8,1001 Fonts,Free Fonts,Graphics & Assets,Large free font directory with commercial-use filter,https://www.1001fonts.com
9,Font Squirrel,Free Fonts,Graphics & Assets,"Hand-picked free fonts, all commercial-friendly",https://www.fontsquirrel.com
10,Open Foundry,Free Fonts,Graphics & Assets,Curated open-source typefaces,https://open-foundry.com
11,Collletttivo,Free Fonts,Graphics & Assets,Italian open-source type collective,https://www.collletttivo.it
12,Uncut.wtf,Free Fonts,Graphics & Assets,Contemporary free & open-source type library,https://uncut.wtf
13,Atipo Foundry,Free Fonts,Graphics & Assets,Pay-what-you-want quality fonts,https://www.atipofoundry.com
14,Use & Modify,Free Fonts,Graphics & Assets,Curated free fonts you can use and modify,https://usemodify.com
15,Indestructible Type,Free Fonts,Graphics & Assets,"Free, open-source fonts",https://indestructibletype.com
16,Fontsource,Free Fonts,Graphics & Assets,Self-host open-source fonts via npm,https://fontsource.org
17,Free Faces,Free Fonts,Graphics & Assets,Curated gallery of free typefaces,https://www.freefaces.gallery
18,FontSpace,Free Fonts,Graphics & Assets,"100,000+ free fonts with license filters",https://www.fontspace.com
19,CufonFonts,Free Fonts,Graphics & Assets,Large free font archive incl. Arabic,https://www.cufonfonts.com
20,Lost Type,Free Fonts,Graphics & Assets,Pay-what-you-want type foundry,https://www.losttype.com
21,Pangram Pangram (Free),Free Fonts,Graphics & Assets,Free quality fonts from a premium foundry,https://pangrampangram.com
22,Brick,Free Fonts,Graphics & Assets,Fast open-source font hosting,https://brick.im
23,Google Webfonts Helper,Free Fonts,Graphics & Assets,Download & self-host Google Fonts easily,https://gwfh.mranftl.com
24,Lucide,Icons,Graphics & Assets,"Beautiful open-source icon set (Feather fork), 1,400+ icons",https://lucide.dev
25,Heroicons,Icons,Graphics & Assets,Hand-crafted SVG icons by the Tailwind team,https://heroicons.com
26,Tabler Icons,Icons,Graphics & Assets,"5,000+ free MIT-licensed SVG icons",https://tabler.io/icons
27,Phosphor Icons,Icons,Graphics & Assets,Flexible icon family with multiple weights,https://phosphoricons.com
28,Iconoir,Icons,Graphics & Assets,"1,500+ free open-source icons, no license needed",https://iconoir.com
29,Remix Icon,Icons,Graphics & Assets,"Neutral-style system icon set, free",https://remixicon.com
30,Feather Icons,Icons,Graphics & Assets,"Simple, consistent open-source icons",https://feathericons.com
31,Bootstrap Icons,Icons,Graphics & Assets,"2,000+ free icons from the Bootstrap team",https://icons.getbootstrap.com
32,Material Symbols,Icons,Graphics & Assets,Google's official variable icon system,https://fonts.google.com/icons
33,Iconify,Icons,Graphics & Assets,"200,000+ icons from 150+ open sets, one API",https://iconify.design
34,The Noun Project,Icons,Graphics & Assets,Massive icon library (free with attribution),https://thenounproject.com
35,Flaticon,Icons,Graphics & Assets,Millions of icons & stickers (free with attribution),https://www.flaticon.com
36,SVG Repo,Icons,Graphics & Assets,"500,000+ free SVG vectors and icons",https://www.svgrepo.com
37,Icons8,Icons,Graphics & Assets,Large icon library in many styles,https://icons8.com/icons
38,Streamline,Icons,Graphics & Assets,Huge icon ecosystem (free tier available),https://www.streamlinehq.com
39,Untitled UI Icons,Icons,Graphics & Assets,"1,100+ clean free line icons",https://www.untitledui.com/icons
40,Pixelarticons,Icons,Graphics & Assets,Free pixel-style icon set,https://pixelarticons.com
41,Simple Icons,Icons,Graphics & Assets,"3,000+ free SVG brand/logo icons",https://simpleicons.org
42,Font Awesome (Free),Icons,Graphics & Assets,"The classic, huge icon library",https://fontawesome.com
43,Ionicons,Icons,Graphics & Assets,Premium open-source icons by Ionic,https://ionic.io/ionicons
44,Boxicons,Icons,Graphics & Assets,"1,500+ free simple web icons",https://boxicons.com
45,Lineicons,Icons,Graphics & Assets,"5,000+ free line & solid icons",https://lineicons.com
46,Eva Icons,Icons,Graphics & Assets,480+ open-source icons in 2 styles,https://akveo.github.io/eva-icons
47,Radix Icons,Icons,Graphics & Assets,Crisp 15×15 icons from Radix,https://www.radix-ui.com/icons
48,css.gg,Icons,Graphics & Assets,700+ open-source icons in pure CSS/SVG,https://css.gg
49,Teenyicons,Icons,Graphics & Assets,Tiny minimal 15×15 icons,https://teenyicons.com
50,Akar Icons,Icons,Graphics & Assets,Perfectly rounded open-source icons,https://akaricons.com
51,System UIcons,Icons,Graphics & Assets,"Free interface icons, growing set",https://systemuicons.com
52,Mono Icons,Icons,Graphics & Assets,"Simple, consistent open-source set",https://icons.mono.company
53,Flowbite Icons,Icons,Graphics & Assets,Free solid & outline UI icons,https://flowbite.com/icons
54,unDraw,Illustrations,Graphics & Assets,"Open-source illustrations, recolorable, no attribution",https://undraw.co
55,Storyset,Illustrations,Graphics & Assets,Free customizable & animated illustrations by Freepik,https://storyset.com
56,Open Doodles,Illustrations,Graphics & Assets,Free sketchy illustrations (public domain),https://www.opendoodles.com
57,Humaaans,Illustrations,Graphics & Assets,Mix-and-match people illustrations,https://www.humaaans.com
58,Open Peeps,Illustrations,Graphics & Assets,Hand-drawn illustration library of characters,https://www.openpeeps.com
59,DrawKit,Illustrations,Graphics & Assets,Beautiful free vector illustrations & icons,https://www.drawkit.com
60,Illustrations by Popsy,Illustrations,Graphics & Assets,Free customizable illustrations,https://popsy.co/illustrations
61,Blush,Illustrations,Graphics & Assets,Customizable illustrations from artists (free packs),https://blush.design
62,Lukasz Adam,Illustrations,Graphics & Assets,Free hand-drawn illustrations & graphics,https://lukaszadam.com/illustrations
63,Absurd Design,Illustrations,Graphics & Assets,Surreal free illustrations,https://absurd.design
64,Glaze,Illustrations,Graphics & Assets,Free illustrations for commercial & personal use,https://www.glazestock.com
65,ManyPixels Gallery,Illustrations,Graphics & Assets,"2,500+ free illustrations, editable",https://www.manypixels.co/gallery
66,Ira Design,Illustrations,Graphics & Assets,Free customizable illustrations,https://iradesign.io
67,Error 404,Illustrations,Graphics & Assets,Free illustrations for empty/error states,https://error404.fun
68,Scale by Pixel True,Illustrations,Graphics & Assets,Free animated & static illustrations,https://www.pixeltrue.com/free-illustrations
69,Ouch! by Icons8,Illustrations,Graphics & Assets,Huge free illustration library in many styles,https://icons8.com/illustrations
70,Black Illustrations,Illustrations,Graphics & Assets,Free illustrations of Black people,https://www.blackillustrations.com
71,Fresh Folk,Illustrations,Graphics & Assets,Illustration library of people & objects,https://fresh-folk.com
72,Avataaars,Illustrations,Graphics & Assets,Free mix-and-match avatar generator,https://getavataaars.com
73,Croods,Illustrations,Graphics & Assets,Free customizable character illustrations,https://croods.io
74,Transhumans,Illustrations,Graphics & Assets,Free quirky 3D-ish character illustrations,https://transhumans.xyz
75,Stubborn,Illustrations,Graphics & Assets,Free hand-drawn character illustrations,https://stubborn.fun
76,Delesign,Illustrations,Graphics & Assets,Free graphics & illustrations,https://delesign.com/free-designs/graphics
77,Isometric,Illustrations,Graphics & Assets,Free isometric illustration builder,https://isometric.online
78,Vecteezy,Illustrations,Graphics & Assets,Millions of free vectors (with attribution),https://www.vecteezy.com
79,Spline,3D Assets,Graphics & Assets,Free in-browser 3D design tool,https://spline.design
80,Shapefest,3D Assets,Graphics & Assets,"160,000+ free 3D shapes & objects",https://www.shapefest.com
81,3D Icons by Realvjy,3D Assets,Graphics & Assets,Free open-source 3D icons,https://3dicons.co
82,Superscene,3D Assets,Graphics & Assets,Free 3D scenes & assets,https://superscene.pro
83,Poly Pizza,3D Assets,Graphics & Assets,Thousands of free low-poly 3D models,https://poly.pizza
84,Quaternius,3D Assets,Graphics & Assets,Free 3D model packs (CC0),https://quaternius.com
85,Kenney Assets,3D Assets,Graphics & Assets,Free 2D & 3D game assets (CC0),https://kenney.nl/assets
86,Sketchfab (free),3D Assets,Graphics & Assets,Huge library with downloadable free models,https://sketchfab.com/features/free-3d-models
87,Poly Haven,3D Assets,Graphics & Assets,"Free CC0 HDRIs, textures & 3D models",https://polyhaven.com
88,ambientCG,3D Assets,Graphics & Assets,Free CC0 PBR materials & textures,https://ambientcg.com
89,Blender,3D Assets,Graphics & Assets,Free open-source 3D creation suite,https://www.blender.org
90,BlenderKit,3D Assets,Graphics & Assets,"Free models, materials & brushes for Blender",https://www.blenderkit.com
91,Womp,3D Assets,Graphics & Assets,Free easy in-browser 3D creation tool,https://womp.com
92,Vectary,3D Assets,Graphics & Assets,Free in-browser 3D & AR design,https://www.vectary.com
93,Free3D,3D Assets,Graphics & Assets,Thousands of free downloadable 3D models,https://free3d.com
94,Pixexid 3D / Threedee,3D Assets,Graphics & Assets,Free 3D illustrations by Icons8,https://threedee.icons8.com
95,Hero Patterns,"Patterns, Textures & Backgrounds",Graphics & Assets,Free repeatable SVG background patterns,https://heropatterns.com
96,Pattern Monster,"Patterns, Textures & Backgrounds",Graphics & Assets,Customizable SVG pattern generator,https://pattern.monster
97,Magic Pattern,"Patterns, Textures & Backgrounds",Graphics & Assets,"Pattern, gradient & texture generators",https://www.magicpattern.design/tools
98,Transparent Textures,"Patterns, Textures & Backgrounds",Graphics & Assets,Repeatable transparent textures,https://www.transparenttextures.com
99,Cosmos / Tints (Hihayk),"Patterns, Textures & Backgrounds",Graphics & Assets,Pattern & scale tools,https://hihayk.github.io/scale
100,SVGBackgrounds,"Patterns, Textures & Backgrounds",Graphics & Assets,Customizable SVG backgrounds,https://www.svgbackgrounds.com
101,Gradienta,"Patterns, Textures & Backgrounds",Graphics & Assets,Free pure-CSS gradient backgrounds,https://gradienta.io
102,Cool Backgrounds,"Patterns, Textures & Backgrounds",Graphics & Assets,Generate background images,https://coolbackgrounds.io
103,Lummi,"Patterns, Textures & Backgrounds",Graphics & Assets,Free AI-curated images & backgrounds,https://www.lummi.ai
104,Unblast,"Patterns, Textures & Backgrounds",Graphics & Assets,"Free design resources, textures & mockups",https://unblast.com
105,Subtle Patterns,"Patterns, Textures & Backgrounds",Graphics & Assets,Free tileable background patterns,https://www.toptal.com/designers/subtlepatterns
106,BGJar,"Patterns, Textures & Backgrounds",Graphics & Assets,Free SVG background generator,https://bgjar.com
107,Vanta.js,"Patterns, Textures & Backgrounds",Graphics & Assets,Animated 3D website backgrounds,https://www.vantajs.com
108,Patternico,"Patterns, Textures & Backgrounds",Graphics & Assets,Make seamless patterns from emojis/icons,https://patternico.com
109,Doodad,"Patterns, Textures & Backgrounds",Graphics & Assets,Free pattern generator,https://doodad.dev/pattern-generator
110,Blobmaker,"Shapes, Blobs & SVG Generators",Graphics & Assets,Make organic SVG blob shapes,https://www.blobmaker.app
111,Get Waves,"Shapes, Blobs & SVG Generators",Graphics & Assets,Generate SVG wave dividers,https://getwaves.io
112,Shape Divider,"Shapes, Blobs & SVG Generators",Graphics & Assets,Create section divider shapes,https://www.shapedivider.app
113,Haikei,"Shapes, Blobs & SVG Generators",Graphics & Assets,"Generative SVG backgrounds, blobs, waves",https://haikei.app
114,SVG Wave,"Shapes, Blobs & SVG Generators",Graphics & Assets,Free gradient SVG wave generator,https://svgwave.in
115,Doodad Pattern Gen,"Shapes, Blobs & SVG Generators",Graphics & Assets,Free pattern generator,https://doodad.dev/pattern-generator
116,Fancy Border Radius,"Shapes, Blobs & SVG Generators",Graphics & Assets,Organic border-radius generator,https://9elements.github.io/fancy-border-radius
117,Mockuuups Studio,Mockups,Graphics & Assets,Drag-and-drop mockups (free tier),https://mockuuups.studio
118,Shots,Mockups,Graphics & Assets,Free tool for beautiful device & browser mockups,https://shots.so
119,Pixeltrue Mockups,Mockups,Graphics & Assets,Free device & scene mockups,https://www.pixeltrue.com/free-mockups
120,LS Graphics,Mockups,Graphics & Assets,Free high-quality mockups & devices,https://www.ls.graphics/free
121,Mockup World,Mockups,Graphics & Assets,Largest free PSD mockup directory,https://www.mockupworld.co
122,Anima Mockups,Mockups,Graphics & Assets,Realistic device frames,https://www.animaapp.com
123,Cleanmock,Mockups,Graphics & Assets,Quick clean device mockups,https://cleanmock.com
124,Facebook Devices,Mockups,Graphics & Assets,Free Meta device mockup templates,https://design.facebook.com/toolsandresources/devices
125,MockRocket,Mockups,Graphics & Assets,3D device mockups (free tier),https://mockrocket.io
126,Angle,Mockups,Graphics & Assets,Free vector device mockups,https://angle.sh
127,Smartmockups,Mockups,Graphics & Assets,Large mockup generator (free tier),https://smartmockups.com
128,Previewed,Mockups,Graphics & Assets,Free 3D app & device mockups,https://previewed.app
129,Mockey,Mockups,Graphics & Assets,Free unlimited product mockups,https://mockey.ai
130,Artboard Studio,Mockups,Graphics & Assets,Mockup & graphic design tool (free tier),https://artboard.studio
131,Rotato (Free assets),Mockups,Graphics & Assets,Animated 3D device mockups,https://rotato.app
132,Designstripe,Mockups,Graphics & Assets,Customizable mockups & illustrations,https://designstripe.com
133,Unsplash,Stock Photos,Media,The biggest free high-res photo library,https://unsplash.com
134,Pexels,Stock Photos,Media,"Free stock photos & videos, generous license",https://www.pexels.com
135,Pixabay,Stock Photos,Media,"Free photos, illustrations, vectors & video",https://pixabay.com
136,Burst (Shopify),Stock Photos,Media,Free stock photos aimed at commerce,https://www.shopify.com/stock-photos
137,Kaboompics,Stock Photos,Media,High-quality lifestyle & interior photos,https://kaboompics.com
138,Picjumbo,Stock Photos,Media,Free stock photos for commercial use,https://picjumbo.com
139,Gratisography,Stock Photos,Media,"Quirky, unique free high-res photos",https://gratisography.com
140,Life of Pix,Stock Photos,Media,Free high-resolution photography,https://www.lifeofpix.com
141,StockSnap.io,Stock Photos,Media,Hundreds of new free photos weekly,https://stocksnap.io
142,Reshot,Stock Photos,Media,Free handpicked photos & icons,https://www.reshot.com
143,Realistic Shots,Stock Photos,Media,Free high-quality stock photos,https://realisticshots.com
144,ISO Republic,Stock Photos,Media,Free photos & videos for creatives,https://isorepublic.com
145,Foodiesfeed,Stock Photos,Media,Free food photography,https://www.foodiesfeed.com
146,Nappy,Stock Photos,Media,Free photos of Black and Brown people,https://nappy.co
147,Openverse,Stock Photos,Media,Search 800M+ openly-licensed images,https://openverse.org
148,Negative Space,Stock Photos,Media,Free high-resolution stock photos,https://negativespace.co
149,New Old Stock,Stock Photos,Media,Vintage public-domain photos,https://nos.twnsnd.co
150,Rawpixel (Free),Stock Photos,Media,"Free photos, PSDs & public-domain art",https://www.rawpixel.com
151,Picography,Stock Photos,Media,"Free hi-res photos, no restrictions",https://picography.co
152,Skitterphoto,Stock Photos,Media,Free public-domain photos,https://skitterphoto.com
153,Libreshot,Stock Photos,Media,Free photos for any use,https://libreshot.com
154,Magdeleine,Stock Photos,Media,"Hand-picked free photos, daily",https://magdeleine.co
155,Styled Stock,Stock Photos,Media,Free styled photos for brands,https://styledstock.co
156,The Stocks,Stock Photos,Media,Aggregator of the best free stock sites,https://thestocks.im
157,Pikwizard,Stock Photos,Media,"1M+ free photos, many exclusive",https://pikwizard.com
158,Generated Photos,Stock Photos,Media,Free AI-generated human faces,https://generated.photos
159,Pexels Videos,Stock Videos,Media,Free stock footage,https://www.pexels.com/videos
160,Coverr,Stock Videos,Media,Beautiful free videos for your projects,https://coverr.co
161,Mixkit,Stock Videos,Media,"Free stock video, music & templates",https://mixkit.co
162,Mazwai,Stock Videos,Media,Curated cinematic free footage,https://mazwai.com
163,Videvo,Stock Videos,Media,Free stock video & motion graphics,https://www.videvo.net
164,Pixabay Videos,Stock Videos,Media,Free royalty-free video clips,https://pixabay.com/videos
165,Life of Vids,Stock Videos,Media,Free video clips & loops,https://www.lifeofvids.com
166,Dareful,Stock Videos,Media,Free 4K stock footage (CC-BY),https://dareful.com
167,Vidsplay,Stock Videos,Media,Free stock video clips,https://www.vidsplay.com
168,Motion Places,Stock Videos,Media,Free travel & location footage,https://www.motionplaces.com
169,Splitshire,Stock Videos,Media,Free photos & video clips,https://www.splitshire.com
170,Mixkit Sound Effects,Sound & Audio,Media,Free SFX for UI & video,https://mixkit.co/free-sound-effects
171,Freesound,Sound & Audio,Media,Huge collaborative database of CC sounds,https://freesound.org
172,Zapsplat,Sound & Audio,Media,Free sound effects & royalty-free music,https://www.zapsplat.com
173,Pixabay Music,Sound & Audio,Media,Free music for projects,https://pixabay.com/music
174,Free Music Archive,Sound & Audio,Media,"Free, legal audio downloads",https://freemusicarchive.org
175,Uppbeat,Sound & Audio,Media,Free music for creators,https://uppbeat.io
176,Chosic,Sound & Audio,Media,Free background music & SFX,https://www.chosic.com/free-music
177,BBC Sound Effects,Sound & Audio,Media,"33,000+ free BBC archive sounds",https://sound-effects.bbcrewind.co.uk
178,YouTube Audio Library,Sound & Audio,Media,Free music & SFX for creators,https://www.youtube.com/audiolibrary
179,Bensound,Sound & Audio,Media,Royalty-free music for projects,https://www.bensound.com
180,Incompetech,Sound & Audio,Media,Kevin MacLeod's royalty-free music,https://incompetech.com
181,99Sounds,Sound & Audio,Media,Free professional sound effect packs,https://99sounds.org
182,LottieFiles,Lottie & Animations,Media,The hub for free Lottie animations,https://lottiefiles.com
183,IconScout Lottie,Lottie & Animations,Media,Free animated icons & illustrations,https://iconscout.com/lotties
184,Lordicon,Lottie & Animations,Media,Animated icon library (free pack),https://lordicon.com
185,useAnimations,Lottie & Animations,Media,Free animated icons for UI,https://useanimations.com
186,SVGator,Lottie & Animations,Media,Animate SVGs in-browser (free tier),https://www.svgator.com
187,Rive,Lottie & Animations,Media,Interactive animations & state machines (free tier),https://rive.app
188,Haikei,Lottie & Animations,Media,Generate animated/static SVG visuals,https://haikei.app
189,Lottielab,Lottie & Animations,Media,Create & edit Lottie animations in-browser,https://www.lottielab.com
190,Jitter,Lottie & Animations,Media,Easy motion design tool (free tier),https://jitter.video
191,Animated Icons (Google),Lottie & Animations,Media,Material animated icon set,https://fonts.google.com/icons
192,Coolors,Color Tools,Color & Typography,The go-to fast color palette generator,https://coolors.co
193,Adobe Color,Color Tools,Color & Typography,"Color wheel, harmonies & trends",https://color.adobe.com
194,Realtime Colors,Color Tools,Color & Typography,Preview palettes live on a real layout,https://www.realtimecolors.com
195,Color Hunt,Color Tools,Color & Typography,"Curated color palettes, daily",https://colorhunt.co
196,Khroma,Color Tools,Color & Typography,AI color tool that learns your taste,https://www.khroma.co
197,Happy Hues,Color Tools,Color & Typography,Palettes shown in real UI context,https://www.happyhues.co
198,Tailwind Color Generator,Color Tools,Color & Typography,Generate Tailwind-style color scales,https://uicolors.app
199,Leonardo (Adobe),Color Tools,Color & Typography,Accessible color system generator,https://leonardocolor.io
200,Color Designer,Color Tools,Color & Typography,"Build palettes, tints & shades",https://colordesigner.io
201,Paletton,Color Tools,Color & Typography,Classic color scheme designer,https://paletton.com
202,Hue.tools,Color Tools,Color & Typography,Color manipulation & info tool,https://hue.tools
203,ColorBox (Lyft),Color Tools,Color & Typography,Systematic color scale generator,https://colorbox.io
204,Color Names,Color Tools,Color & Typography,Find the name of any color,https://colors.artyclick.com
205,Colormind,Color Tools,Color & Typography,AI-powered palette generator,http://colormind.io
206,Huemint,Color Tools,Color & Typography,AI brand & palette color generator,https://huemint.com
207,My Color Space,Color Tools,Color & Typography,Generate matching palettes & gradients,https://mycolor.space
208,Flat UI Colors,Color Tools,Color & Typography,Popular flat color swatches,https://flatuicolors.com
209,Color Supply,Color Tools,Color & Typography,Color schemes with usage examples,https://colorsupplyyy.com
210,ColorKit,Color Tools,Color & Typography,Color palette tools & scales,https://colorkit.co
211,Brandcolors,Color Tools,Color & Typography,Official colors of popular brands,https://brandcolors.net
212,Material Palette,Color Tools,Color & Typography,Generate Material color schemes,https://www.materialpalette.com
213,Palettte App,Color Tools,Color & Typography,Edit & refine color systems,https://palettte.app
214,uiGradients,Gradients,Color & Typography,Beautiful ready-to-use CSS gradients,https://uigradients.com
215,Gradient Hunt,Gradients,Color & Typography,Community gradient collection,https://gradienthunt.com
216,CSS Gradient,Gradients,Color & Typography,Free gradient generator,https://cssgradient.io
217,Mesh Gradients (Meshgradient),Gradients,Color & Typography,Generate mesh gradients,https://meshgradient.com
218,Grabient,Gradients,Color & Typography,Simple gradient picker with code,https://www.grabient.com
219,WebGradients,Gradients,Color & Typography,180 free linear gradients,https://webgradients.com
220,Mesher,Gradients,Color & Typography,Mesh gradient generator with code export,https://csshero.org/mesher
221,Gradient Magic,Gradients,Color & Typography,Advanced & animated CSS gradients,https://www.gradientmagic.com
222,Coolhue,Gradients,Color & Typography,Curated gradient hues with code,https://webkul.github.io/coolhue
223,Gradients.app,Gradients,Color & Typography,Generate & customize CSS gradients,https://www.gradients.app
224,Mesh Gradient (in),Gradients,Color & Typography,Free mesh gradient generator,https://meshgradient.in
225,BGJar Gradients,Gradients,Color & Typography,Gradient & SVG background tool,https://bgjar.com
226,CSS Hero Mesher,Gradients,Color & Typography,Mesh gradient generator with export,https://csshero.org/mesher
227,Fontjoy,Typography Tools,Color & Typography,AI font pairing generator,https://fontjoy.com
228,Type Scale,Typography Tools,Color & Typography,Visual type scale calculator,https://typescale.com
229,Fontpair,Typography Tools,Color & Typography,Curated Google Font pairings,https://www.fontpair.co
230,Typewolf,Typography Tools,Color & Typography,Type inspiration & font recommendations,https://www.typewolf.com
231,Modular Scale,Typography Tools,Color & Typography,Calculate modular type scales,https://www.modularscale.com
232,Golden Ratio Typography,Typography Tools,Color & Typography,Optimize font size & line height,https://grtcalculator.com
233,Fonts In Use,Typography Tools,Color & Typography,Real-world typography examples,https://fontsinuse.com
234,Wordmark.it,Typography Tools,Color & Typography,Preview your text in all installed fonts,https://wordmark.it
235,Capsize,Typography Tools,Color & Typography,Trim typography whitespace precisely,https://seek-oss.github.io/capsize
236,Archetype (Fontsmith),Typography Tools,Color & Typography,Build & preview type systems,https://archetypeapp.com
237,Utopia,Typography Tools,Color & Typography,Fluid responsive type & space scales,https://utopia.fyi
238,Fluid Type Scale,Typography Tools,Color & Typography,Generate clamp()-based fluid type,https://www.fluid-type-scale.com
239,Typetester,Typography Tools,Color & Typography,Compare fonts side by side,https://www.typetester.org
240,Beautiful Web Type,Typography Tools,Color & Typography,Showcase of the best Google Fonts,https://beautifulwebtype.com
241,DjectStudio,UI Kits & Design Files,UI & Components,Noah Elhadedy’s store — premium & free UI kits and design templates,https://djectstudio.com/store
242,Figma Community,UI Kits & Design Files,UI & Components,"Thousands of free UI kits, templates & plugins",https://www.figma.com/community
243,Untitled UI (Free),UI Kits & Design Files,UI & Components,Free starter of the popular Figma UI kit,https://www.untitledui.com
244,Material Design Kit,UI Kits & Design Files,UI & Components,Google's official design kit & components,https://m3.material.io
245,Apple Design Resources,UI Kits & Design Files,UI & Components,Official iOS/macOS UI kits,https://developer.apple.com/design/resources
246,Tailwind UI Components,UI Kits & Design Files,UI & Components,Component patterns (free preview + open Tailwind),https://tailwindcss.com/plus
247,Flowbite,UI Kits & Design Files,UI & Components,Open-source Tailwind UI components,https://flowbite.com
248,shadcn/ui,UI Kits & Design Files,UI & Components,"Free, copy-paste React component library",https://ui.shadcn.com
249,Open UI Kit Collection,UI Kits & Design Files,UI & Components,Browse community UI kits,https://www.figma.com/community/search?resource_type=files&q=ui%20kit
250,Preline UI,UI Kits & Design Files,UI & Components,Free open-source Tailwind UI components,https://preline.co
251,DaisyUI,UI Kits & Design Files,UI & Components,Free Tailwind CSS component library,https://daisyui.com
252,Pawly / Vault / Sable (UI8),UI Kits & Design Files,UI & Components,"Premium kits marketplace (paid, with free freebies)",https://ui8.net
253,Setproduct,UI Kits & Design Files,UI & Components,Free & premium Figma design systems,https://www.setproduct.com
254,Radix UI,UI Kits & Design Files,UI & Components,"Unstyled, accessible React primitives",https://www.radix-ui.com
255,Headless UI,UI Kits & Design Files,UI & Components,Unstyled accessible components for Tailwind,https://headlessui.com
256,Mantine,UI Kits & Design Files,UI & Components,120+ free React components & hooks,https://mantine.dev
257,Chakra UI,UI Kits & Design Files,UI & Components,Accessible React component library,https://chakra-ui.com
258,HeroUI,UI Kits & Design Files,UI & Components,Modern React UI library (ex-NextUI),https://www.heroui.com
259,Hyper UI,UI Kits & Design Files,UI & Components,Free open-source Tailwind components,https://www.hyperui.dev
260,Meraki UI,UI Kits & Design Files,UI & Components,"Free Tailwind components, RTL-ready",https://merakiui.com
261,Float UI,UI Kits & Design Files,UI & Components,Free modern Tailwind UI blocks,https://floatui.com
262,HTML5 UP,UI Kits & Design Files,UI & Components,Free responsive HTML site templates,https://html5up.net
263,Start Bootstrap,UI Kits & Design Files,UI & Components,Free Bootstrap themes & templates,https://startbootstrap.com
264,Cruip,UI Kits & Design Files,UI & Components,Free Tailwind landing-page templates,https://cruip.com
265,Wicked Blocks,UI Kits & Design Files,UI & Components,100+ free Tailwind blocks,https://wickedblocks.dev
266,Material Design 3,Design Systems (References),UI & Components,Google's flagship design system,https://m3.material.io
267,Apple HIG,Design Systems (References),UI & Components,Apple's Human Interface Guidelines,https://developer.apple.com/design/human-interface-guidelines
268,Shopify Polaris,Design Systems (References),UI & Components,Mature commerce design system,https://polaris.shopify.com
269,Atlassian Design,Design Systems (References),UI & Components,Comprehensive product DS,https://atlassian.design
270,IBM Carbon,Design Systems (References),UI & Components,Open-source enterprise design system,https://carbondesignsystem.com
271,Adobe Spectrum,Design Systems (References),UI & Components,Adobe's design language,https://spectrum.adobe.com
272,Primer (GitHub),Design Systems (References),UI & Components,GitHub's design system,https://primer.style
273,Base Web (Uber),Design Systems (References),UI & Components,Uber's React-based DS,https://baseweb.design
274,Ant Design,Design Systems (References),UI & Components,Popular enterprise React UI system,https://ant.design
275,Design Systems Repo,Design Systems (References),UI & Components,A directory of public design systems,https://designsystemsrepo.com
276,Component Gallery,Design Systems (References),UI & Components,Compare components across design systems,https://component.gallery
277,CSS Gradient,CSS & UI Generators,UI & Components,Gradient code generator,https://cssgradient.io
278,Neumorphism.io,CSS & UI Generators,UI & Components,Soft-UI shadow generator,https://neumorphism.io
279,Glassmorphism,CSS & UI Generators,UI & Components,Generate frosted-glass CSS,https://glassmorphism.com
280,Shadows Brumm,CSS & UI Generators,UI & Components,"Smooth, layered box-shadow generator",https://shadows.brumm.af
281,Box Shadow (CSS Scan),CSS & UI Generators,UI & Components,Ready-made shadow library,https://getcssscan.com/css-box-shadow-examples
282,Animista,CSS & UI Generators,UI & Components,CSS animation generator,https://animista.net
283,Glassgenerator / Hype4,CSS & UI Generators,UI & Components,Glassmorphism CSS tool,https://hype4.academy/tools/glassmorphism-generator
284,Clippy,CSS & UI Generators,UI & Components,CSS clip-path maker,https://bennettfeely.com/clippy
285,Smooth Shadow,CSS & UI Generators,UI & Components,Beautiful layered shadows,https://shadows.brumm.af
286,CSS Grid Generator,CSS & UI Generators,UI & Components,Visually build CSS grids,https://cssgrid-generator.netlify.app
287,Fancy Border Radius,CSS & UI Generators,UI & Components,Organic shapes via border-radius,https://9elements.github.io/fancy-border-radius
288,Get CSS Scan Buttons,CSS & UI Generators,UI & Components,100+ copy-paste CSS buttons,https://getcssscan.com/css-buttons-examples
289,Animista,CSS & UI Generators,UI & Components,On-demand CSS animation library,https://animista.net
290,Easings.net,CSS & UI Generators,UI & Components,Reference for CSS easing functions,https://easings.net
291,Cubic-Bezier,CSS & UI Generators,UI & Components,Build & visualize bezier easing curves,https://cubic-bezier.com
292,Keyframes.app,CSS & UI Generators,UI & Components,Visually build CSS keyframe animations,https://keyframes.app
293,CSS Loaders,CSS & UI Generators,UI & Components,600+ pure-CSS loading spinners,https://css-loaders.com
294,Ray.so,CSS & UI Generators,UI & Components,Turn code into beautiful images,https://ray.so
295,Carbon,CSS & UI Generators,UI & Components,Create & share images of source code,https://carbon.now.sh
296,Hover.css,CSS & UI Generators,UI & Components,Collection of CSS hover effects,https://ianlunn.github.io/Hover
297,Figma,Design & Prototyping Tools,Tools,Industry-standard collaborative design tool (free plan),https://www.figma.com
298,Penpot,Design & Prototyping Tools,Tools,Open-source Figma alternative,https://penpot.app
299,Framer,Design & Prototyping Tools,Tools,Design & publish real websites (free tier),https://www.framer.com
300,Photopea,Design & Prototyping Tools,Tools,Free in-browser Photoshop alternative,https://www.photopea.com
301,Canva,Design & Prototyping Tools,Tools,Easy design tool (generous free tier),https://www.canva.com
302,Excalidraw,Design & Prototyping Tools,Tools,Free hand-drawn-style whiteboard,https://excalidraw.com
303,tldraw,Design & Prototyping Tools,Tools,Free collaborative infinite canvas,https://www.tldraw.com
304,Akiflow / Whimsical,Design & Prototyping Tools,Tools,"Flowcharts, wireframes & docs (free tier)",https://whimsical.com
305,Lunacy,Design & Prototyping Tools,Tools,Free design app with built-in assets,https://icons8.com/lunacy
306,Gravit / Vectr,Design & Prototyping Tools,Tools,Free vector graphics editor,https://vectr.com
307,Spline,Design & Prototyping Tools,Tools,Free 3D design & prototyping,https://spline.design
308,Inkscape,Design & Prototyping Tools,Tools,Free open-source vector editor,https://inkscape.org
309,GIMP,Design & Prototyping Tools,Tools,Free open-source image editor,https://www.gimp.org
310,Krita,Design & Prototyping Tools,Tools,Free painting & illustration software,https://krita.org
311,Pixlr,Design & Prototyping Tools,Tools,Free in-browser photo editor,https://pixlr.com
312,Method Draw,Design & Prototyping Tools,Tools,Simple free in-browser SVG editor,https://editor.method.ac
313,Excalidraw,Wireframing,Tools,Fast low-fidelity sketches,https://excalidraw.com
314,Whimsical,Wireframing,Tools,"Wireframes, flowcharts & mind maps",https://whimsical.com
315,Wireframe.cc,Wireframing,Tools,"Minimal, distraction-free wireframing",https://wireframe.cc
316,Figma Wireframe Kit,Wireframing,Tools,Free community wireframe kits,https://www.figma.com/community/file/wireframe
317,Balsamiq (alternatives),Wireframing,Tools,Classic rapid wireframing (paid; many free kits mimic it),https://balsamiq.com
318,Cleverflow / Mockflow,Wireframing,Tools,Free wireframing & UI planning,https://mockflow.com
319,Figma AI / Make,AI Design Tools,Tools,Native AI features inside Figma,https://www.figma.com
320,Galileo AI,AI Design Tools,Tools,Text-to-UI design generation,https://www.usegalileo.ai
321,Uizard,AI Design Tools,Tools,"AI wireframes, mockups & UI (free tier)",https://uizard.io
322,Khroma,AI Design Tools,Tools,AI color discovery,https://www.khroma.co
323,Remove.bg,AI Design Tools,Tools,Instant AI background removal,https://www.remove.bg
324,Cleanup.pictures,AI Design Tools,Tools,Remove objects from images free,https://cleanup.pictures
325,Upscayl,AI Design Tools,Tools,Free open-source AI image upscaler,https://upscayl.org
326,Recraft,AI Design Tools,Tools,AI vector & icon generation (free tier),https://www.recraft.ai
327,Designer.microsoft,AI Design Tools,Tools,Free AI graphic design from Microsoft,https://designer.microsoft.com
328,Magician for Figma,AI Design Tools,Tools,AI design plugin for Figma,https://magician.design
329,Vance AI / Pixelcut,AI Design Tools,Tools,AI image editing & upscaling,https://www.pixelcut.ai
330,Ideogram,AI Design Tools,Tools,AI image gen with great text rendering,https://ideogram.ai
331,Krea,AI Design Tools,Tools,Real-time AI image generation (free tier),https://www.krea.ai
332,Clipdrop,AI Design Tools,Tools,"AI image tools — cleanup, relight, upscale",https://clipdrop.co
333,Photoroom,AI Design Tools,Tools,AI product photo & background editor,https://www.photoroom.com
334,Vectorizer.ai,AI Design Tools,Tools,Convert raster images to SVG with AI,https://vectorizer.ai
335,Playground,AI Design Tools,Tools,Free AI image creation tool,https://playground.com
336,Leonardo.ai,AI Design Tools,Tools,AI art & asset generation (free tier),https://leonardo.ai
337,LogoSearch,Logo & Branding,Tools,Search real-world logos for inspiration,https://logosear.ch
338,Brandfetch,Logo & Branding,Tools,"Find any brand's logos, colors & fonts",https://brandfetch.com
339,SVGL,Logo & Branding,Tools,Free library of SVG brand logos,https://svgl.app
340,Worldvectorlogo,Logo & Branding,Tools,Thousands of free brand logos in SVG,https://worldvectorlogo.com
341,Hatchful (Shopify),Logo & Branding,Tools,Free logo maker,https://www.shopify.com/tools/logo-maker
342,LogoMakr,Logo & Branding,Tools,Free in-browser logo creator,https://logomakr.com
343,Looka (free preview),Logo & Branding,Tools,AI logo generator,https://looka.com
344,Namelix,Logo & Branding,Tools,AI business name + logo generator,https://namelix.com
345,Logo.com,Logo & Branding,Tools,Free logo maker & brand kit,https://logo.com
346,TinyPNG,Image Optimization,Tools,Smart PNG/JPEG/WebP compression,https://tinypng.com
347,Squoosh,Image Optimization,Tools,Google's in-browser image compressor,https://squoosh.app
348,SVGOMG,Image Optimization,Tools,Optimize & clean up SVG files,https://jakearchibald.github.io/svgomg
349,Compressor.io,Image Optimization,Tools,Strong lossy/lossless compression,https://compressor.io
350,iLoveIMG,Image Optimization,Tools,"Bulk resize, compress & convert",https://www.iloveimg.com
351,Recompressor,Image Optimization,Tools,Find the best compression settings,https://recompressor.com
352,Image Resizer (Photopea),Image Optimization,Tools,Free resize & export,https://www.photopea.com
353,Optimizilla,Image Optimization,Tools,Bulk image compressor with preview,https://imagecompressor.com
354,ShortPixel,Image Optimization,Tools,Smart image & PDF compression,https://shortpixel.com
355,Vectorizer (SVG),Image Optimization,Tools,Trace bitmaps into vector SVG,https://www.vectorizer.io
356,WebAIM Contrast Checker,Accessibility,Tools,The standard color-contrast checker,https://webaim.org/resources/contrastchecker
357,Stark,Accessibility,Tools,Accessibility toolkit for Figma & browsers,https://www.getstark.co
358,Who Can Use,Accessibility,Tools,See how color combos affect vision types,https://www.whocanuse.com
359,Accessible Colors,Accessibility,Tools,Find WCAG-compliant color pairs,https://accessible-colors.com
360,Contrast Ratio (Lea Verou),Accessibility,Tools,Quick contrast calculator,https://contrast-ratio.com
361,Colorblindly / Coblis,Accessibility,Tools,Color-blindness simulator,https://www.color-blindness.com/coblis-color-blindness-simulator
362,A11y Project,Accessibility,Tools,Community-driven accessibility checklist & docs,https://www.a11yproject.com
363,Able (Figma plugin),Accessibility,Tools,Contrast checking in Figma,https://www.figma.com/community/plugin/734693888346260052
364,WAVE,Accessibility,Tools,Free web accessibility evaluation tool,https://wave.webaim.org
365,axe DevTools,Accessibility,Tools,Industry-standard a11y testing engine,https://www.deque.com/axe
366,Color Review,Accessibility,Tools,Check contrast as you tune colors,https://color.review
367,Contrast Grid,Accessibility,Tools,Test many color combos at once,https://contrast-grid.eightshapes.com
368,WhatFont,Browser Extensions,Tools,Identify fonts on any web page,https://www.chromeextensionkit.com
369,ColorZilla,Browser Extensions,Tools,Eyedropper & color picker for the browser,https://www.colorzilla.com
370,CSS Peeper,Browser Extensions,Tools,"Inspect styles, colors & assets of sites",https://csspeeper.com
371,VisBug,Browser Extensions,Tools,Google's browser design debug toolbar,https://visbug.web.app
372,Window Resizer,Browser Extensions,Tools,Test responsive breakpoints,https://chromewebstore.google.com
373,Fonts Ninja,Browser Extensions,Tools,"Identify, try & buy fonts from any site",https://www.fonts.ninja
374,WhatRuns,Browser Extensions,Tools,Discover the tech & fonts a site uses,https://www.whatruns.com
375,Page Ruler / Dimensions,Browser Extensions,Tools,Measure elements on screen,https://felixniklas.com/dimensions
376,Really Good Emails,Email Design,Email & Slides,The best email design gallery,https://reallygoodemails.com
377,MJML,Email Design,Email & Slides,Open-source responsive email framework,https://mjml.io
378,Stripo,Email Design,Email & Slides,Free email template builder,https://stripo.email
379,BEE Free,Email Design,Email & Slides,Drag-and-drop email editor,https://beefree.io
380,Litmus Community Templates,Email Design,Email & Slides,Free responsive email templates,https://www.litmus.com/community/templates
381,Email Love,Email Design,Email & Slides,Curated email design inspiration,https://emaillove.com
382,Slidesgo,Presentations,Email & Slides,Free Google Slides & PowerPoint templates,https://slidesgo.com
383,SlidesCarnival,Presentations,Email & Slides,Free presentation templates,https://www.slidescarnival.com
384,Pitch,Presentations,Email & Slides,Modern collaborative presentation tool (free),https://pitch.com
385,Canva Presentations,Presentations,Email & Slides,Easy free presentation maker,https://www.canva.com/presentations
386,Beautiful.ai,Presentations,Email & Slides,AI-assisted slide design (free trial),https://www.beautiful.ai
387,Gamma,Presentations,Email & Slides,AI presentation & doc generator (free tier),https://gamma.app
388,Dribbble,Design Inspiration,Inspiration & Learning,The largest designer showcase community,https://dribbble.com
389,Behance,Design Inspiration,Inspiration & Learning,Adobe's portfolio & project platform,https://www.behance.net
390,Awwwards,Design Inspiration,Inspiration & Learning,"The best in web design, awarded daily",https://www.awwwards.com
391,Mobbin,Design Inspiration,Inspiration & Learning,Real mobile & web app UI patterns,https://mobbin.com
392,Land-book,Design Inspiration,Inspiration & Learning,Landing page design gallery,https://land-book.com
393,Godly,Design Inspiration,Inspiration & Learning,Astronomically good web design inspiration,https://godly.website
394,SaaS Landing Page,Design Inspiration,Inspiration & Learning,SaaS landing page examples,https://saaslandingpage.com
395,Refero,Design Inspiration,Inspiration & Learning,Searchable real product UI screenshots,https://refero.design
396,Page Flows,Design Inspiration,Inspiration & Learning,Recorded real product user flows,https://pageflows.com
397,Calltoidea,Design Inspiration,Inspiration & Learning,UI patterns sorted by element,https://www.calltoidea.com
398,Httpster,Design Inspiration,Inspiration & Learning,Curated modern website inspiration,https://httpster.net
399,Lapa Ninja,Design Inspiration,Inspiration & Learning,Best landing page designs,https://www.lapa.ninja
400,UI Garage,Design Inspiration,Inspiration & Learning,Daily UI inspiration by pattern,https://uigarage.net
401,Collect UI,Design Inspiration,Inspiration & Learning,Daily inspiration from Dribbble shots,https://collectui.com
402,Nicelydone,Design Inspiration,Inspiration & Learning,SaaS & web app screenshots library,https://nicelydone.club
403,Screenlane,Design Inspiration,Inspiration & Learning,Latest mobile & web UI trends,https://screenlane.com
404,One Page Love,Design Inspiration,Inspiration & Learning,The best one-page website designs,https://onepagelove.com
405,SiteInspire,Design Inspiration,Inspiration & Learning,Curated web design showcase,https://www.siteinspire.com
406,Landingfolio,Design Inspiration,Inspiration & Learning,Landing page inspiration & components,https://www.landingfolio.com
407,Minimal Gallery,Design Inspiration,Inspiration & Learning,Beautifully minimal websites,https://minimal.gallery
408,Footer Design,Design Inspiration,Inspiration & Learning,Inspiration just for footers,https://www.footer.design
409,Navbar Gallery,Design Inspiration,Inspiration & Learning,Inspiration just for navbars,https://navbar.gallery
410,Mobile Patterns,Design Inspiration,Inspiration & Learning,Mobile UI patterns by element,https://www.mobile-patterns.com
411,Pttrns,Design Inspiration,Inspiration & Learning,Mobile design patterns library,https://pttrns.com
412,UI Sources,Design Inspiration,Inspiration & Learning,Real app flows & interactions,https://www.uisources.com
413,Dark Mode Design,Design Inspiration,Inspiration & Learning,Showcase of dark-mode websites,https://www.darkmodedesign.com
414,Curated.design,Design Inspiration,Inspiration & Learning,Hand-picked web design inspiration,https://www.curated.design
415,Smashing Magazine,Learning & Blogs,Inspiration & Learning,In-depth design & dev articles,https://www.smashingmagazine.com
416,NN/g (Nielsen Norman),Learning & Blogs,Inspiration & Learning,The authority on UX research,https://www.nngroup.com/articles
417,Laws of UX,Learning & Blogs,Inspiration & Learning,"Key UX principles, beautifully explained",https://lawsofux.com
418,Refactoring UI,Learning & Blogs,Inspiration & Learning,Practical visual design tips for non-designers,https://www.refactoringui.com
419,Learn UI Design (blog),Learning & Blogs,Inspiration & Learning,Tactical UI design articles,https://www.learnui.design/blog
420,UX Collective,Learning & Blogs,Inspiration & Learning,One of the biggest design publications,https://uxdesign.cc
421,Designer Hangout / UX Planet,Learning & Blogs,Inspiration & Learning,UX articles & community,https://uxplanet.org
422,Checklist Design,Learning & Blogs,Inspiration & Learning,Best-practice checklists per UI element,https://www.checklist.design
423,UI Patterns,Learning & Blogs,Inspiration & Learning,Catalog of UI design patterns,https://ui-patterns.com
424,Goodpractices / Anthony Hobday,Learning & Blogs,Inspiration & Learning,Safe visual design rules,https://anthonyhobday.com/sideprojects/saferules
425,Practical UI (book),Learning & Blogs,Inspiration & Learning,Rules & guidelines reference,https://www.practical-ui.com
426,Growth.Design,Learning & Blogs,Inspiration & Learning,UX case studies as comics,https://growth.design/case-studies
427,Interaction Design Foundation,Learning & Blogs,Inspiration & Learning,"Affordable, in-depth UX courses & free articles",https://www.interaction-design.org
428,Hack Design,Learning & Blogs,Inspiration & Learning,Free design course delivered by email,https://hackdesign.org
429,UX Tools,Learning & Blogs,Inspiration & Learning,Tool guides & annual design-tool surveys,https://uxtools.co
430,Built for Mars,Learning & Blogs,Inspiration & Learning,Deep real-world UX teardowns,https://builtformars.com
431,Roadmap.sh (UX),Learning & Blogs,Inspiration & Learning,Community learning roadmaps,https://roadmap.sh
432,Design+Code,Learning & Blogs,Inspiration & Learning,Design & code video courses (free intros),https://designcode.io
433,Sidebar,Newsletters,Inspiration & Learning,"5 best design links, daily",https://sidebar.io
434,UX Design Weekly,Newsletters,Inspiration & Learning,Curated UX links weekly,https://uxdesignweekly.com
435,Dense Discovery,Newsletters,Inspiration & Learning,Thoughtful design & tech newsletter,https://www.densediscovery.com
436,Designer News,Newsletters,Inspiration & Learning,Community design news,https://www.designernews.co
437,Case Study Club,Newsletters,Inspiration & Learning,Curated UX case studies,https://www.casestudy.club
438,Femke's Design Newsletter,Newsletters,Inspiration & Learning,Design career & craft,https://www.femkesvs.com
439,The Futur,Podcasts & YouTube,Inspiration & Learning,Design business & creative career,https://www.youtube.com/@thefutur
440,Flux Academy,Podcasts & YouTube,Inspiration & Learning,Web design & freelancing,https://www.youtube.com/@FluxAcademy
441,DesignCourse,Podcasts & YouTube,Inspiration & Learning,UI/UX & front-end tutorials,https://www.youtube.com/@DesignCourse
442,AJ&Smart,Podcasts & YouTube,Inspiration & Learning,Design sprints & product design,https://www.youtube.com/@AJSmart
443,Honest UX Talks,Podcasts & YouTube,Inspiration & Learning,Candid UX career conversations,https://honestuxtalks.com
444,Design Better Podcast,Podcasts & YouTube,Inspiration & Learning,Conversations with design leaders,https://www.designbetter.co/podcast
445,Layout (Relay FM),Podcasts & YouTube,Inspiration & Learning,Design craft & career talk,https://www.relay.fm/layout
